{
  "camera_name": "backyard",
  "transformation_matrix": [
    [
      -0.9999922225321327,
      0.0,
      -0.003943966942752027,
      0.018242549952146747
    ],
    [
      -0.0025353356084608556,
      -0.7660013520062464,
      0.642833960520098,
      0.6413484572735728
    ],
    [
      0.0030210840104159947,
      -0.6428389601794546,
      -0.7659953944553449,
      3.9485135456613545
    ],
    [
      0.0,
      0.0,
      0.0,
      1.0
    ]
  ],
  "translation": [
    0.007939650514749319,
    3.0295321273261138,
    2.612334570072479
  ],
  "rotation": [
    0.0,
    0.0,
    0.0,
    1.0
  ],
  "confidence": 0.856,
  "features_matched": 428,
  "total_features": 1014,
  "calibrated_at": "2025-09-05T18:48:49.336856",
  "calibration_status": "calibrated",
  "byo_model_used": true
}