{
  "camera_name": "back_door",
  "transformation_matrix": [
    [
      0.866025,
      -0.5,
      0.0,
      -7.462395127442967
    ],
    [
      0.5,
      0.866025,
      0.0,
      -4.999449130468205
    ],
    [
      0.0,
      0.0,
      1.0,
      3.263023031763562
    ],
    [
      0.0,
      0.0,
      0.0,
      1.0
    ]
  ],
  "translation": [
    -7.462395127442967,
    -4.999449130468205,
    3.263023031763562
  ],
  "rotation": [
    0.0,
    0.0,
    0.0,
    1.0
  ],
  "confidence": 0.829,
  "features_matched": 763,
  "total_features": 1029,
  "calibrated_at": "2025-09-04T18:43:26.084954",
  "calibration_status": "calibrated",
  "byo_model_used": true
}