{
  "camera_name": "front_door",
  "transformation_matrix": [
    [
      0.866025,
      -0.5,
      0.0,
      2.5003833698113063
    ],
    [
      0.5,
      0.866025,
      0.0,
      4.918404592741936
    ],
    [
      0.0,
      0.0,
      1.0,
      0.7384764977742975
    ],
    [
      0.0,
      0.0,
      0.0,
      1.0
    ]
  ],
  "translation": [
    2.5003833698113063,
    4.918404592741936,
    0.7384764977742975
  ],
  "rotation": [
    0.0,
    0.0,
    0.0,
    1.0
  ],
  "confidence": 0.721,
  "features_matched": 675,
  "total_features": 840,
  "calibrated_at": "2025-09-05T11:28:10.519019",
  "calibration_status": "calibrated",
  "byo_model_used": true
}