{
  "camera_name": "garage",
  "transformation_matrix": [
    [
      0.866025,
      -0.5,
      0.0,
      0.5517825155781928
    ],
    [
      0.5,
      0.866025,
      0.0,
      -5.897054953990903
    ],
    [
      0.0,
      0.0,
      1.0,
      1.1884512452144869
    ],
    [
      0.0,
      0.0,
      0.0,
      1.0
    ]
  ],
  "translation": [
    0.5517825155781928,
    -5.897054953990903,
    1.1884512452144869
  ],
  "rotation": [
    0.0,
    0.0,
    0.0,
    1.0
  ],
  "confidence": 0.759,
  "features_matched": 788,
  "total_features": 1355,
  "calibrated_at": "2025-09-05T11:55:14.453790",
  "calibration_status": "calibrated",
  "byo_model_used": true
}