{
  "camera_name": "garage",
  "transformation_matrix": [
    [
      0.874395268147638,
      -0.0,
      0.48521429805913613,
      -1.1059586811221234
    ],
    [
      0.3145122826974337,
      -0.7614764908162936,
      -0.5667764797224324,
      0.6324392563351204
    ],
    [
      -0.36947928097996213,
      -0.6481925284466825,
      0.6658314403754355,
      3.0042568756343524
    ],
    [
      0.0,
      0.0,
      0.0,
      1.0
    ]
  ],
  "translation": [
    1.8781457936510488,
    2.4289244858892944,
    -1.1052500222744543
  ],
  "rotation": [
    0.0,
    0.0,
    0.0,
    1.0
  ],
  "confidence": 0.933,
  "features_matched": 669,
  "total_features": 1132,
  "calibrated_at": "2025-09-06T16:34:32.053473",
  "calibration_status": "calibrated",
  "byo_model_used": true
}