{
  "camera_name": "side_yard",
  "transformation_matrix": [
    [
      0.866025,
      -0.5,
      0.0,
      -4.6556913443803545
    ],
    [
      0.5,
      0.866025,
      0.0,
      6.058627214661726
    ],
    [
      0.0,
      0.0,
      1.0,
      4.914072729560894
    ],
    [
      0.0,
      0.0,
      0.0,
      1.0
    ]
  ],
  "translation": [
    -4.6556913443803545,
    6.058627214661726,
    4.914072729560894
  ],
  "rotation": [
    0.0,
    0.0,
    0.0,
    1.0
  ],
  "confidence": 0.894,
  "features_matched": 208,
  "total_features": 1318,
  "calibrated_at": "2025-09-05T12:03:15.863198",
  "calibration_status": "calibrated",
  "byo_model_used": true
}