{
  "camera_name": "side_yard",
  "transformation_matrix": [
    [
      0.055021715610151053,
      0.0,
      -0.9984851580325647,
      0.28906270732189604
    ],
    [
      -0.8222638064145125,
      -0.5672998726845159,
      -0.045311004323996235,
      -0.09403373982760613
    ],
    [
      0.5664405030292526,
      -0.8235112958861779,
      0.031213812260522333,
      3.57026535146577
    ],
    [
      0.0,
      0.0,
      0.0,
      1.0
    ]
  ],
  "translation": [
    -2.1155681685499874,
    2.886808517610847,
    0.17292246740879386
  ],
  "rotation": [
    0.0,
    0.0,
    0.0,
    1.0
  ],
  "confidence": 0.715,
  "features_matched": 498,
  "total_features": 1228,
  "calibrated_at": "2025-09-06T17:58:31.551976",
  "calibration_status": "calibrated",
  "byo_model_used": true
}